Workbook

Sheet КЖ строки
A1: № | B1: Система | C1: Лист КЖ | D1: Обозначение линии | E1: Начало | F1: Конец | G1: Тип линии | H1: Марка (как в КЖ) | I1: Жилы × сечение | J1: Длина, м | K1: Ключ марки
A2: 1 | B2: СКС | C2: 1 | D2: СКС7 | E2: пп2 | F2: XS2.1 | G2: рабочее место | H2: STP-4P-Cat.6a | I2: 4х2х0,5 | J2: 7 | K2: =H2&" "&I2 -> STP-4P-Cat.6a 4х2х0,5
A3: 2 | B3: СКС | C3: 1 | D3: СКС8 | E3: пп2 | F3: XS2.2 | G3: рабочее место | H3: STP-4P-Cat.6a | I3: 4х2х0,5 | J3: 8 | K3: =H3&" "&I3 -> STP-4P-Cat.6a 4х2х0,5
A4: 3 | B4: СКС | C4: 1 | D4: СКС9 | E4: пп2 | F4: XS2.3 | G4: рабочее место | H4: STP-4P-Cat.6a | I4: 4х2х0,5 | J4: 8 | K4: =H4&" "&I4 -> STP-4P-Cat.6a 4х2х0,5
A5: 4 | B5: СКС | C5: 1 | D5: СКС10 | E5: пп2 | F5: XS2.4 | G5: рабочее место | H5: STP-4P-Cat.6a | I5: 4х2х0,5 | J5: 19 | K5: =H5&" "&I5 -> STP-4P-Cat.6a 4х2х0,5
A6: 5 | B6: СКС | C6: 1 | D6: СКС11 | E6: пп2 | F6: XS2.5 | G6: рабочее место | H6: STP-4P-Cat.6a | I6: 4х2х0,5 | J6: 20 | K6: =H6&" "&I6 -> STP-4P-Cat.6a 4х2х0,5
A7: 6 | B7: СКС | C7: 1 | D7: СКС12 | E7: пп2 | F7: XS2.6 | G7: рабочее место | H7: STP-4P-Cat.6a | I7: 4х2х0,5 | J7: 20 | K7: =H7&" "&I7 -> STP-4P-Cat.6a 4х2х0,5
A8: 7 | B8: СКС | C8: 1 | D8: СКС13 | E8: пп2 | F8: XS2.7 | G8: рабочее место | H8: STP-4P-Cat.6a | I8: 4х2х0,5 | J8: 22 | K8: =H8&" "&I8 -> STP-4P-Cat.6a 4х2х0,5
A9: 8 | B9: СКС | C9: 1 | D9: СКС14 | E9: пп2 | F9: XS2.8 | G9: рабочее место | H9: STP-4P-Cat.6a | I9: 4х2х0,5 | J9: 22 | K9: =H9&" "&I9 -> STP-4P-Cat.6a 4х2х0,5
A10: 9 | B10: СКС | C10: 1 | D10: СКС15 | E10: пп2 | F10: XS2.9 | G10: рабочее место | H10: STP-4P-Cat.6a | I10: 4х2х0,5 | J10: 25 | K10: =H10&" "&I10 -> STP-4P-Cat.6a 4х2х0,5
A11: 10 | B11: СКС | C11: 1 | D11: СКС16 | E11: пп2 | F11: XS2.10 | G11: рабочее место | H11: STP-4P-Cat.6a | I11: 4х2х0,5 | J11: 25 | K11: =H11&" "&I11 -> STP-4P-Cat.6a 4х2х0,5
A12: 11 | B12: СКС | C12: 1 | D12: СКС17 | E12: пп2 | F12: XS2.11 | G12: рабочее место | H12: STP-4P-Cat.6a | I12: 4х2х0,5 | J12: 27 | K12: =H12&" "&I12 -> STP-4P-Cat.6a 4х2х0,5
A13: 12 | B13: СКС | C13: 1 | D13: СКС18 | E13: пп2 | F13: XS2.12 | G13: рабочее место | H13: STP-4P-Cat.6a | I13: 4х2х0,5 | J13: 27 | K13: =H13&" "&I13 -> STP-4P-Cat.6a 4х2х0,5
... A159: 158 | B159: СОТ | C159: 8 | D159: D111 | E159: К5 | F159: АРК1 (АРМ) | G159: АРМ | H159: UTP-4P-Cat.5e | I159: 4х2х0,5 | J159: 26 | K159: =H159&" "&I159 -> UTP-4P-Cat.5e 4х2х0,5
I160: Итого, м | J160: =SUM(J2:J159) -> 1767.7

Sheet Итог по маркам
A1: Марка | B1: Жилы × сечение | C1: Системы | D1: Линий | E1: Длина по КЖ, м | F1: Закуплено по ETM, м (внести из реестра) | G1: Разница, м | H1: ETM-код (внести) | I1: Документ (внести)
A2: STP-4P-Cat.6a | B2: 4х2х0,5 | C2: СКС | D2: =COUNTIFS('КЖ строки'!$H:$H,A2,'КЖ строки'!$I:$I,B2) -> 23 | E2: =SUMIFS('КЖ строки'!$J:$J,'КЖ строки'!$H:$H,A2,'КЖ строки'!$I:$I,B2) -> 513 | G2: =IF(F2="","",F2-E2)
A3: UTP-2P-Cat.5e | B3: 2х2х0,5 | C3: СКС (тлф) | D3: =COUNTIFS('КЖ строки'!$H:$H,A3,'КЖ строки'!$I:$I,B3) -> 4 | E3: =SUMIFS('КЖ строки'!$J:$J,'КЖ строки'!$H:$H,A3,'КЖ строки'!$I:$I,B3) -> 95 | G3: =IF(F3="","",F3-E3)
A4: ТППэп | B4: 20х2х0,5 | C4: Связь | D4: =COUNTIFS('КЖ строки'!$H:$H,A4,'КЖ строки'!$I:$I,B4) -> 2 | E4: =SUMIFS('КЖ строки'!$J:$J,'КЖ строки'!$H:$H,A4,'КЖ строки'!$I:$I,B4) -> 300 | G4: =IF(F4="","",F4-E4)
A5: КПСнг(А)-FRHF | B5: 2x2x0,75 | C5: СПС | D5: =COUNTIFS('КЖ строки'!$H:$H,A5,'КЖ строки'!$I:$I,B5) -> 27 | E5: =SUMIFS('КЖ строки'!$J:$J,'КЖ строки'!$H:$H,A5,'КЖ строки'!$I:$I,B5) -> 150.6 | G5: =IF(F5="","",F5-E5)
A6: КПСнг(А)-FRHF | B6: 1x2x1 | C6: СОУЭ (СПС л.3) | D6: =COUNTIFS('КЖ строки'!$H:$H,A6,'КЖ строки'!$I:$I,B6) -> 18 | E6: =SUMIFS('КЖ строки'!$J:$J,'КЖ строки'!$H:$H,A6,'КЖ строки'!$I:$I,B6) -> 89.3 | G6: =IF(F6="","",F6-E6)
A7: PaRLaN ARM F/UTP Cat 5e | B7: 4х2х0.52 | C7: СОУЭ (СПС л.3) | D7: =COUNTIFS('КЖ строки'!$H:$H,A7,'КЖ строки'!$I:$I,B7) -> 1 | E7: =SUMIFS('КЖ строки'!$J:$J,'КЖ строки'!$H:$H,A7,'КЖ строки'!$I:$I,B7) -> 15 | G7: =IF(F7="","",F7-E7)
A8: UTP-4P-Cat.5e | B8: 4х2x0,52 | C8: СКУД | D8: =COUNTIFS('КЖ строки'!$H:$H,A8,'КЖ строки'!$I:$I,B8) -> 9 | E8: =SUMIFS('КЖ строки'!$J:$J,'КЖ строки'!$H:$H,A8,'КЖ строки'!$I:$I,B8) -> 126 | G8: =IF(F8="","",F8-E8)
A9: КПСнг(А)-FRHF | B9: 1x2x0,5 | C9: СОТС | D9: =COUNTIFS('КЖ строки'!$H:$H,A9,'КЖ строки'!$I:$I,B9) -> 56 | E9: =SUMIFS('КЖ строки'!$J:$J,'КЖ строки'!$H:$H,A9,'КЖ строки'!$I:$I,B9) -> 291.2 | G9: =IF(F9="","",F9-E9)
A10: КПСнг(А)-FRHF | B10: 1x2x0,75 | C10: СОТС | D10: =COUNTIFS('КЖ строки'!$H:$H,A10,'КЖ строки'!$I:$I,B10) -> 7 | E10: =SUMIFS('КЖ строки'!$J:$J,'КЖ строки'!$H:$H,A10,'КЖ строки'!$I:$I,B10) -> 32.6 | G10: =IF(F10="","",F10-E10)
A11: UTP-4P-Cat.5e | B11: 4х2х0,5 | C11: СОТ | D11: =COUNTIFS('КЖ строки'!$H:$H,A11,'КЖ строки'!$I:$I,B11) -> 11 | E11: =SUMIFS('КЖ строки'!$J:$J,'КЖ строки'!$H:$H,A11,'КЖ строки'!$I:$I,B11) -> 155 | G11: =IF(F11="","",F11-E11)
A13: Жёлтые ячейки заполняются из реестра сертификатов и сводки ETM. Разница < 0 — в КЖ проложено больше, чем закуплено: материал из другого источника или ошибка КЖ.
A14: Длины — сумма строк КЖ без запаса на разделку; закупка обычно больше.

Sheet Оборудование по схемам
A1: Система | B1: Лист ИД | C1: Обозначение | D1: Наименование по легенде | E1: Кол-во на схеме | F1: Позиции / примечание | G1: Закупка ETM? (внести)
A2: СПС | B2: л.2 | C2: BTH | D2: Извещатель пожарный дымовой ДИП-34А-04 | E2: 17 | F2: 2BTH1.4–1.12, 1.16–1.23
A3: СПС | B3: л.2 | C3: BTM | D3: Извещатель пожарный ручной ИПР 513-3АМ исп.01 | E3: 3 | F3: 2BTM1.2, 1.3, 1.15
A4: СПС | B4: л.2 | C4: BIAL | D4: Оповещатель световой С2000-ОСТ исп.01 «Выход» | E4: 3 | F4: 2BIAL1.1, 1.13, 1.14
A5: СПС | B5: л.2 | C5: BIAS | D5: Оповещатель звуковой С2000-ОПЗ | E5: 0 | F5: В легенде есть, на плане не обозначен
A6: СПС | B6: л.2 | C6: ARK | D6: Контроллер С2000-КДЛ-2И исп.01 | E6: 1 | F6: ARK2
A7: СПС | B7: л.2 | C7: UG | D7: РИП-24 исп.56 | E7: 1 | F7: UG2
A8: СПС | B8: л.2 | C8: SC | D8: Адресный блок (2SC1.24..25, подпись «СП2.02») | E8: 1 | F8: Наименование в легенде не указано
A9: СПС | B9: л.2 | C9: — | D9: Шкаф сборный RFA1 | E9: 1
A10: СОУЭ | B10: л.3 | C10: BIAD | D10: ОПР-С103.1 / ОПР-С106.1 | E10: 17 | F10: BIAD38–54; 3 Вт: 39, 40, 41
A11: СОУЭ | B11: л.3 | C11: AU | D11: Блок речевого оповещения Рупор-300 | E11: 1 | F11: AU2
A12: СКУД | B12: л.4 | C12: ARK | D12: Контроллер доступа С2000-2 | E12: 3 | F12: ARK16–18
A13: СКУД | B13: л.4 | C13: UG | D13: Резервированный источник питания | E13: 1 | F13: UG5
A14: СКУД | B14: л.4 | C14: TM/EMG/BGM/BGB | D14: Считыватель, замок, кнопка выхода, магнитоконтакт, доводчик | E14: 3 | F14: Двери А16.1, А17.1, А18.1 (узел тип А)
A15: СКС | B15: л.5 | C15: XS | D15: Розетка RJ-45 в кабель-канале | E15: 23 | F15: XS2.1–2.23
A16: СКС | B16: л.5 | C16: X | D16: Розетка телефонная | E16: 4 | F16: X2.1–2.4
A17: СКС | B17: л.5 | C17: XR | D17: Шкаф телекоммуникационный 19" | E17: 1 | F17: XR2
A18: СОТ | B18: л.6 | C18: ASU | D18: Уличная видеокамера | E18: 6 | F18: ASU2.1.1–2.1.6
A19: СОТ | B19: л.6 | C19: ASV | D19: Внутренняя видеокамера | E19: 6 | F19: ASV2.1.7–2.1.12
A20: СОТС | B20: л.7 | C20: BGL | D20: Извещатель охранный объёмный ИК адресный | E20: 18
A21: СОТС | B21: л.7 | C21: BGB | D21: Извещатель охранный магнитоуправляемый адресный | E21: 13
A22: СОТС | B22: л.7 | C22: BGM | D22: Кнопка тревожная | E22: 12 | F22: 1BGM1.50, 1.52–1.62
A23: СОТС | B23: л.7 | C23: BGA | D23: Тип в легенде не указан | E23: 8 | F23: 1BGA1.3, 1.9, 1.23, 1.29, 1.32, 1.35, 1.39, 1.49
A24: СОТС | B24: л.7 | C24: BIALS | D24: Оповещатель охранно-пожарный | E24: 3 | F24: 1BIALS1.26, 1.36 + BIALS1
A25: СОТС | B25: л.7 | C25: ARK | D25: С2000-КДЛ / КДЛ-2И исп.01 | E25: 1 | F25: ARK1
A26: СОТС | B26: л.7 | C26: UG | D26: ШПС-24 | E26: 1 | F26: UG3 (в легенде — UG1)
A27: СОТС | B27: л.7 | C27: SC | D27: Адресный блок (СП2.02) | E27: 2 | F27: 1SC1.17..18, 1SC1.41..42
A29: Количества посчитаны по подписям на схемах вручную; это оборудование, а не материалы скрытых работ. В АОСР на прокладку идут кабели, трубы, лотки, крепёж, материалы проходок.

Sheet Замечания к ИД
A1: № | B1: Вес | C1: Где | D1: Что | E1: Почему важно для АОСР | F1: Что сделать
A2: 1 | B2: Блокирует | C2: Оба файла | D2: Исполнительной документации по КПП нет. Файл «КЖ_АБК_КПП» содержит только КЖ АБК, файл «Исполняк АБК_КПП» — только схемы здания АБК, хотя общие указания и ведомость называют «АБК/КПП». | E2: Без ИД по КПП нельзя составить акты по КПП и сверить закупку по объектам. | F2: Получить ИД по КПП или подтвердить, что КПП в задачу не входит.
A3: 2 | B3: Блокирует | C3: КЖ л.7–8 / схема СОТ л.6 | D3: На схеме 12 камер (ASU2.1.1–2.1.6, ASV2.1.7–2.1.12), в КЖ кабели только к 9 (D101–D109). К ASV2.1.10, 2.1.11, 2.1.12 линий нет. | E3: Длина кабеля СОТ в акте будет занижена; либо камеры не подключены. | F3: Дополнить КЖ тремя линиями с длинами или убрать камеры со схемы.
A4: 3 | B4: Существенно | C4: КЖ л.2 | D4: S20 (АБК—Осн., 100 м) и S21 (КПП—Осн., 200 м), ТППэп 20х2х0,5. Межзданиевые линии не показаны ни на одной схеме; S21 относится к КПП. | E4: Если прокладка в земле или трубах — это отдельные скрытые работы и отдельный АОСР со схемой трассы. | F4: Уточнить способ прокладки; добавить исполнительную схему трассы или исключить из ИД АБК.
A5: 4 | B5: Существенно | C5: Схемы СПС л.2, СОТС л.7 / КЖ | D5: Линии RS-485 (КИС-В 2х2х0,60; КИС-РПнг(А)-FRHF 1х2х0,5: «2xRS485 в КПП», «RS485 в осн. зд.») и питание СПС (Pn) показаны в легендах, но в КЖ отсутствуют. | E5: Марки есть в ИД, но длин нет — в акт их не внести; при этом они могли быть закуплены. | F5: Дополнить КЖ или убрать из легенд.
A6: 5 | B6: Существенно | C6: Схема СОТС л.7 / КЖ P1 | D6: Питание P: в легенде КПСнг(А)-FRHF 1х2х0,5, в КЖ P1 — 1х2х0,75. | E6: В АОСР попадёт одна марка; документ должен совпасть с фактической. | F6: Определить фактическое сечение (по закупке) и исправить один из листов.
A7: 6 | B7: Существенно | C7: Схемы СПС л.2 и л.3 | D7: Pn: на л.2 — КПСнг(А)-FRHF 1х2х0,5, на л.3 — 2х2х0,75. | E7: Противоречие внутри одной системы. | F7: Оставить одну марку.
A8: 7 | B8: Существенно | C8: Общие данные л.1 | D8: Пп.1, 4, 6 и ведомость ссылаются на рабочую документацию и на «изменения относительно РД»; п.1 говорит только о пожарной сигнализации, хотя комплект содержит 5 систем; п.5 повторяет п.4. | E8: Противоречит договорённости «смонтировано = запроектировано» и вводит в заблуждение по составу. | F8: Переписать общие указания (см. ответ в чате). Решить, какой шифр ставить в п.2 АОСР.
A9: 8 | B9: Уточнить | C9: КЖ СКУД | D9: У всех трёх дверей есть линии .1, .2, .4 и нет .3. На узле тип А — кнопка выхода, магнитоконтакт, доводчик; линий к ним нет. | E9: Возможна пропущенная линия у каждой двери. | F9: Подтвердить: .3 не существует или не внесена.
A10: 9 | B10: Уточнить | C10: Схема СОТС л.7 | D10: Обозначение BGA (8 шт.) отсутствует в легенде; легенда называет UG1 (ШПС-24), на схеме UG3; ARKn в легенде «С2000-КДЛ», на схеме «КДЛ-2И исп.01». | E10: Неполная легенда исполнительной схемы. | F10: Дополнить легенду.
A11: 10 | B11: Уточнить | C11: КЖ / схемы | D11: Адреса блоков: схема 1SC1.17..18 и 1SC1.41..42, в КЖ 1SC1.17..20 и 1SC1.41..44; в СПС КЖ одновременно 2SC1.24..25 и 2SC1.24..27. | E11: Несогласованность адресов. | F11: Привести к одному значению.
A12: 11 | B12: Уточнить | C12: КЖ все листы | D12: Графа «проложен — Марка» пустая во всех строках. | E12: При «смонтировано = запроектировано» марка должна быть и в графе «проложен», иначе журнал выглядит незаполненным. | F12: Заполнить или упростить шапку.
A13: 12 | B13: Уточнить | C13: КЖ | D13: Одна «марка» в разных строках с разным сечением: UTP-4P-Cat.5e 4х2х0,52 (СКУД) и 4х2х0,5 (СОТ). | E13: Вероятно, один кабель; в акте и реестре должно быть одно наименование. | F13: Сверить с закупкой.
A14: 13 | B14: Связь с сертификатами | C14: Все схемы | D14: Кабельные проходки отмечены на всех схемах, но тип, материал и предел огнестойкости не указаны. Это узел, к которому относится ETM 9489640 (ОГНЕЗА-ВГ). | E14: Акт на заделку проходок нельзя оформить без сведений об узле и применимого сертификата. | F14: Выяснить, через какие конструкции проходки и требуется ли EI.
